"name_fielder","fld_name_display_club","season","position","pa","avg_norm_start_distance","avg_norm_start_angle"
"Stefanic, Michael","Angels",2022,"2B","553","152","6"
"Whitefield, Aaron","Angels",2022,"CF","64","320","1"
"Whitefield, Aaron","Angels",2022,"RF","28","289","26"
"Duffy, Matt","Angels",2022,"3B","1383","119","-30"
"Duffy, Matt","Angels",2022,"2B","277","154","5"
"Duffy, Matt","Angels",2022,"1B","492","109","33"
"Walsh, Jared","Angels",2022,"1B","4028","113","34"
"Walsh, Jared","Angels",2022,"LF","17","297","-25"
"Aguilar, Ryan","Angels",2022,"RF","130","285","26"
"Aguilar, Ryan","Angels",2022,"CF","30","320","1"
"Aguilar, Ryan","Angels",2022,"LF","72","289","-25"
"Moniak, Mickey","Angels",2022,"CF","197","320","0"
"Moniak, Mickey","Angels",2022,"LF","393","296","-26"
"Adell, Jo","Angels",2022,"RF","478","297","27"
"Adell, Jo","Angels",2022,"LF","1957","292","-26"
"Thomas, Dillon","Angels",2022,"RF","79","288","26"
"Thomas, Dillon","Angels",2022,"LF","65","292","-26"
"Lagares, Juan","Angels",2022,"RF","250","291","26"
"Lagares, Juan","Angels",2022,"CF","216","321","0"
"Lagares, Juan","Angels",2022,"LF","155","292","-25"
"Trout, Mike","Angels",2022,"CF","3930","321","0"
"MacKinnon, David","Angels",2022,"1B","194","113","33"
"MacKinnon, David","Angels",2022,"3B","147","118","-32"
"Marsh, Brandon","Angels",2022,"RF","69","289","26"
"Marsh, Brandon","Angels",2022,"LF","2516","291","-26"
"Marsh, Brandon","Angels",2022,"CF","478","319","0"
"Thaiss, Matt","Angels",2022,"1B","296","109","34"
"Thaiss, Matt","Angels",2022,"3B","19","123","-28"
"Velazquez, Andrew","Angels",2022,"SS","3810","144","-7"
"Rengifo, Luis","Angels",2022,"2B","2936","150","6"
"Rengifo, Luis","Angels",2022,"3B","1028","116","-30"
"Rengifo, Luis","Angels",2022,"RF","50","291","25"
"Rengifo, Luis","Angels",2022,"SS","423","145","-7"
"Sierra, Magneuris","Angels",2022,"RF","11","290","27"
"Sierra, Magneuris","Angels",2022,"LF","283","293","-26"
"Sierra, Magneuris","Angels",2022,"CF","737","320","0"
"Harrison, Monte","Angels",2022,"CF","27","321","0"
"Harrison, Monte","Angels",2022,"LF","131","294","-26"
"Villar, Jonathan","Angels",2022,"3B","469","113","-33"
"Wade, Tyler","Angels",2022,"2B","803","152","5"
"Wade, Tyler","Angels",2022,"CF","54","321","0"
"Wade, Tyler","Angels",2022,"LF","85","300","-27"
"Wade, Tyler","Angels",2022,"RF","142","289","26"
"Wade, Tyler","Angels",2022,"SS","376","142","-5"
"Wade, Tyler","Angels",2022,"3B","347","119","-34"
"Duggar, Steven","Angels",2022,"LF","185","288","-26"
"Duggar, Steven","Angels",2022,"CF","60","321","0"
"Rojas, Jose","Angels",2022,"LF","32","300","-25"
"Rojas, Jose","Angels",2022,"RF","180","292","26"
"Rojas, Jose","Angels",2022,"3B","304","116","-32"
"Soto, Livan","Angels",2022,"SS","556","148","-10"
"Soto, Livan","Angels",2022,"3B","23","122","-34"
"Gosselin, Phil","Angels",2022,"1B","87","116","36"
"Gosselin, Phil","Angels",2022,"3B","427","121","-31"
"Ford, Mike","Angels",2022,"1B","890","110","34"
"Mayfield, Jack","Angels",2022,"LF","57","299","-24"
"Mayfield, Jack","Angels",2022,"3B","230","122","-30"
"Mayfield, Jack","Angels",2022,"RF","103","289","26"
"Mayfield, Jack","Angels",2022,"2B","250","150","7"
"Ward, Taylor","Angels",2022,"CF","208","320","0"
"Ward, Taylor","Angels",2022,"RF","4477","290","26"
"Ward, Taylor","Angels",2022,"LF","48","295","-25"
"Rendon, Anthony","Angels",2022,"3B","1615","115","-30"
"Fletcher, David","Angels",2022,"SS","836","145","-10"
"Fletcher, David","Angels",2022,"2B","1182","153","10"
"Rivera, Emmanuel","D-backs",2022,"3B","1011","121","-30"
"Rivera, Emmanuel","D-backs",2022,"1B","107","111","32"
"Marte, Ketel","D-backs",2022,"2B","3393","149","10"
"Difo, Wilmer","D-backs",2022,"2B","36","145","8"
"Difo, Wilmer","D-backs",2022,"SS","44","143","-15"
"Hummel, Cooper","D-backs",2022,"LF","636","294","-26"
"Rojas, Josh","D-backs",2022,"2B","962","152","10"
"Rojas, Josh","D-backs",2022,"3B","3123","122","-32"
"Hager, Jake","D-backs",2022,"SS","108","147","-15"
"Hager, Jake","D-backs",2022,"2B","372","153","9"
"Hager, Jake","D-backs",2022,"3B","192","124","-32"
"Ellis, Drew","D-backs",2022,"3B","166","120","-30"
"Luplow, Jordan","D-backs",2022,"CF","131","318","1"
"Luplow, Jordan","D-backs",2022,"1B","16","106","34"
"Luplow, Jordan","D-backs",2022,"RF","947","289","27"
"Luplow, Jordan","D-backs",2022,"LF","648","294","-26"
"Thomas, Alek","D-backs",2022,"CF","3819","318","0"
"Garrett, Stone","D-backs",2022,"LF","436","300","-27"
"Peralta, David","D-backs",2022,"LF","2594","304","-27"
"Beer, Seth","D-backs",2022,"1B","150","103","33"
"Walker, Christian","D-backs",2022,"1B","5428","109","32"
"Smith, Pavin","D-backs",2022,"1B","343","110","34"
"Smith, Pavin","D-backs",2022,"RF","1375","297","27"
"Kennedy, Buddy","D-backs",2022,"3B","37","118","-26"
"Kennedy, Buddy","D-backs",2022,"2B","724","150","8"
"Varsho, Daulton","D-backs",2022,"RF","2263","293","27"
"Varsho, Daulton","D-backs",2022,"CF","1591","321","1"
"McCarthy, Jake","D-backs",2022,"LF","984","296","-28"
"McCarthy, Jake","D-backs",2022,"CF","365","322","0"
"McCarthy, Jake","D-backs",2022,"RF","1374","289","28"
"Hernández, Yonny","D-backs",2022,"2B","46","157","13"
"Hernández, Yonny","D-backs",2022,"3B","243","120","-30"
"Alcántara, Sergio","D-backs",2022,"2B","432","152","9"
"Alcántara, Sergio","D-backs",2022,"SS","447","147","-12"
"Alcántara, Sergio","D-backs",2022,"3B","1020","123","-33"
"Perdomo, Geraldo","D-backs",2022,"SS","4891","145","-13"
"Perdomo, Geraldo","D-backs",2022,"3B","186","117","-34"
"Perdomo, Geraldo","D-backs",2022,"2B","79","152","8"
"Ahmed, Nick","D-backs",2022,"SS","554","147","-14"
"Davidson, Matt","D-backs",2022,"3B","65","117","-24"
"Carroll, Corbin","D-backs",2022,"RF","80","292","27"
"Carroll, Corbin","D-backs",2022,"CF","138","323","0"
"Carroll, Corbin","D-backs",2022,"LF","746","297","-27"
"Bannon, Rylan","Orioles",2022,"3B","108","118","-30"
"Hays, Austin","Orioles",2022,"CF","126","319","0"
"Hays, Austin","Orioles",2022,"RF","1822","295","27"
"Hays, Austin","Orioles",2022,"LF","3117","302","-26"
"Mancini, Trey","Orioles",2022,"1B","1034","107","35"
"Mancini, Trey","Orioles",2022,"LF","106","303","-26"
"Mancini, Trey","Orioles",2022,"RF","332","295","27"
"Mountcastle, Ryan","Orioles",2022,"1B","4479","109","37"
"McKenna, Ryan","Orioles",2022,"RF","440","295","27"
"McKenna, Ryan","Orioles",2022,"CF","601","313","1"
"McKenna, Ryan","Orioles",2022,"LF","702","294","-26"
"Odor, Rougned","Orioles",2022,"2B","4301","155","13"
"Odor, Rougned","Orioles",2022,"3B","52","117","-34"
"Owings, Chris","Orioles",2022,"LF","32","298","-26"
"Owings, Chris","Orioles",2022,"3B","48","119","-35"
"Owings, Chris","Orioles",2022,"SS","268","146","-14"
"Owings, Chris","Orioles",2022,"2B","299","153","9"
"Aguilar, Jesús","Orioles",2022,"1B","215","111","34"
"Phillips, Brett","Orioles",2022,"RF","50","296","27"
"Phillips, Brett","Orioles",2022,"LF","99","295","-27"
"Santander, Anthony","Orioles",2022,"RF","2925","294","27"
"Santander, Anthony","Orioles",2022,"LF","1268","297","-26"
"Mullins, Cedric","Orioles",2022,"CF","5267","318","0"
"Stowers, Kyle","Orioles",2022,"RF","370","296","26"
"Stowers, Kyle","Orioles",2022,"LF","339","294","-25"
"Araúz, Jonathan","Orioles",2022,"3B","198","116","-30"
"Araúz, Jonathan","Orioles",2022,"2B","37","152","11"
"Araúz, Jonathan","Orioles",2022,"SS","35","149","-9"
"Gutiérrez, Kelvin","Orioles",2022,"3B","287","116","-31"
"Mateo, Jorge","Orioles",2022,"SS","5227","147","-13"
"Martin, Richie","Orioles",2022,"2B","249","150","12"
"Martin, Richie","Orioles",2022,"SS","74","146","-12"
"Vavra, Terrin","Orioles",2022,"LF","257","297","-25"
"Vavra, Terrin","Orioles",2022,"2B","373","150","12"
"Vavra, Terrin","Orioles",2022,"RF","23","293","28"
"Nevin, Tyler","Orioles",2022,"1B","266","109","34"
"Nevin, Tyler","Orioles",2022,"RF","26","298","27"
"Nevin, Tyler","Orioles",2022,"3B","1395","115","-30"
"Nevin, Tyler","Orioles",2022,"LF","74","295","-26"
"Urías, Ramón","Orioles",2022,"3B","3174","117","-32"
"Urías, Ramón","Orioles",2022,"2B","632","151","11"
"Urías, Ramón","Orioles",2022,"SS","180","147","-14"
"Henderson, Gunnar","Orioles",2022,"2B","103","148","12"
"Henderson, Gunnar","Orioles",2022,"SS","210","146","-13"
"Henderson, Gunnar","Orioles",2022,"3B","732","120","-32"
"Bogaerts, Xander","Red Sox",2022,"SS","5326","146","-10"
"Chang, Yu","Red Sox",2022,"1B","30","110","35"
"Chang, Yu","Red Sox",2022,"SS","143","146","-10"
"Chang, Yu","Red Sox",2022,"2B","103","153","14"
"Shaw, Travis","Red Sox",2022,"1B","113","108","35"
"Cordero, Franchy","Red Sox",2022,"LF","353","302","-28"
"Cordero, Franchy","Red Sox",2022,"CF","30","325","1"
"Cordero, Franchy","Red Sox",2022,"1B","1589","109","34"
"Cordero, Franchy","Red Sox",2022,"RF","498","295","29"
"Arroyo, Christian","Red Sox",2022,"RF","450","294","29"
"Arroyo, Christian","Red Sox",2022,"2B","1317","153","12"
"Arroyo, Christian","Red Sox",2022,"1B","222","110","36"
"Arroyo, Christian","Red Sox",2022,"SS","320","146","-10"
"Arroyo, Christian","Red Sox",2022,"3B","306","115","-28"
"Dalbec, Bobby","Red Sox",2022,"3B","618","118","-27"
"Dalbec, Bobby","Red Sox",2022,"SS","40","145","-14"
"Dalbec, Bobby","Red Sox",2022,"2B","25","156","14"
"Dalbec, Bobby","Red Sox",2022,"1B","2617","112","33"
"Pham, Tommy","Red Sox",2022,"LF","1795","299","-29"
"Duran, Jarren","Red Sox",2022,"RF","212","295","29"
"Duran, Jarren","Red Sox",2022,"CF","1831","325","0"
"Downs, Jeter","Red Sox",2022,"SS","41","147","-9"
"Downs, Jeter","Red Sox",2022,"3B","136","114","-31"
"Downs, Jeter","Red Sox",2022,"2B","271","152","13"
"Devers, Rafael","Red Sox",2022,"3B","5042","118","-30"
"Hosmer, Eric","Red Sox",2022,"1B","444","112","34"
"Hernández, Enrique","Red Sox",2022,"CF","2762","326","0"
"Hernández, Enrique","Red Sox",2022,"2B","386","155","13"
"Hernández, Enrique","Red Sox",2022,"SS","194","148","-10"
"Vázquez, Christian","Red Sox",2022,"1B","231","109","33"
"Araúz, Jonathan","Red Sox",2022,"2B","93","150","11"
"Araúz, Jonathan","Red Sox",2022,"SS","42","146","-7"
"Story, Trevor","Red Sox",2022,"2B","3404","152","12"
"Almonte, Abraham","Red Sox",2022,"LF","104","299","-28"
"Almonte, Abraham","Red Sox",2022,"CF","148","327","0"
"Almonte, Abraham","Red Sox",2022,"RF","35","296","28"
"Verdugo, Alex","Red Sox",2022,"RF","1851","290","28"
"Verdugo, Alex","Red Sox",2022,"LF","3691","299","-28"
"Refsnyder, Rob","Red Sox",2022,"LF","123","302","-28"
"Refsnyder, Rob","Red Sox",2022,"RF","717","291","28"
"Refsnyder, Rob","Red Sox",2022,"CF","508","329","0"
"Sánchez, Yolmer","Red Sox",2022,"2B","473","152","12"
"Davis, Jaylin","Red Sox",2022,"CF","84","323","1"
"Davis, Jaylin","Red Sox",2022,"LF","40","304","-28"
"Davis, Jaylin","Red Sox",2022,"RF","107","292","29"
"Casas, Triston","Red Sox",2022,"1B","860","107","34"
"Wong, Connor","Red Sox",2022,"2B","28","155","16"
"Bradley Jr., Jackie","Red Sox",2022,"RF","2236","291","28"
"Bradley Jr., Jackie","Red Sox",2022,"CF","743","326","0"
"Morel, Christopher","Cubs",2022,"CF","1937","322","0"
"Morel, Christopher","Cubs",2022,"3B","607","120","-29"
"Morel, Christopher","Cubs",2022,"SS","394","147","-10"
"Morel, Christopher","Cubs",2022,"LF","36","295","-29"
"Morel, Christopher","Cubs",2022,"2B","1017","150","10"
"Suzuki, Seiya","Cubs",2022,"RF","3738","291","27"
"Velázquez, Nelson","Cubs",2022,"CF","860","319","0"
"Velázquez, Nelson","Cubs",2022,"LF","319","295","-28"
"Velázquez, Nelson","Cubs",2022,"RF","704","294","26"
"Reyes, Franmil","Cubs",2022,"RF","17","302","27"
"Rivas III, Alfonso","Cubs",2022,"1B","2725","109","35"
"Rivas III, Alfonso","Cubs",2022,"LF","15","292","-25"
"Madrigal, Nick","Cubs",2022,"2B","2010","149","10"
"Quiroz, Esteban","Cubs",2022,"2B","373","151","11"
"McKinstry, Zach","Cubs",2022,"3B","617","119","-30"
"McKinstry, Zach","Cubs",2022,"SS","259","148","-10"
"McKinstry, Zach","Cubs",2022,"2B","662","153","11"
"Vargas, Ildemaro","Cubs",2022,"SS","217","144","-5"
"Vargas, Ildemaro","Cubs",2022,"2B","62","147","19"
"Simmons, Andrelton","Cubs",2022,"2B","458","150","6"
"Simmons, Andrelton","Cubs",2022,"SS","439","142","-1"
"Young, Jared","Cubs",2022,"RF","11","287","27"
"Young, Jared","Cubs",2022,"1B","65","106","36"
"Villar, Jonathan","Cubs",2022,"3B","421","115","-27"
"Villar, Jonathan","Cubs",2022,"SS","76","144","-6"
"Villar, Jonathan","Cubs",2022,"2B","1009","151","11"
"Heyward, Jason","Cubs",2022,"CF","762","314","2"
"Heyward, Jason","Cubs",2022,"RF","738","298","26"
"Hermosillo, Michael","Cubs",2022,"CF","717","323","1"
"Hermosillo, Michael","Cubs",2022,"RF","17","290","29"
"Higgins, P.J.","Cubs",2022,"3B","111","124","-21"
"Higgins, P.J.","Cubs",2022,"1B","1001","111","36"
"Ortega, Rafael","Cubs",2022,"CF","1701","322","0"
"Ortega, Rafael","Cubs",2022,"RF","529","293","27"
"Ortega, Rafael","Cubs",2022,"LF","294","298","-27"
"Bote, David","Cubs",2022,"1B","160","110","34"
"Bote, David","Cubs",2022,"3B","549","116","-31"
"Bote, David","Cubs",2022,"2B","485","150","10"
"Frazier, Clint","Cubs",2022,"RF","63","294","26"
"Frazier, Clint","Cubs",2022,"LF","105","296","-27"
"Schwindel, Frank","Cubs",2022,"1B","1616","106","36"
"Crook, Narciso","Cubs",2022,"CF","22","324","0"
"Crook, Narciso","Cubs",2022,"RF","52","302","27"
"Happ, Ian","Cubs",2022,"CF","47","324","1"
"Happ, Ian","Cubs",2022,"LF","5163","300","-28"
"Wisdom, Patrick","Cubs",2022,"CF","30","325","3"
"Wisdom, Patrick","Cubs",2022,"RF","202","297","26"
"Wisdom, Patrick","Cubs",2022,"1B","509","108","36"
"Wisdom, Patrick","Cubs",2022,"3B","3765","118","-29"
"Wisdom, Patrick","Cubs",2022,"LF","138","296","-27"
"Hoerner, Nico","Cubs",2022,"SS","4691","145","-4"
"Farmer, Kyle","Reds",2022,"1B","11","109","32"
"Farmer, Kyle","Reds",2022,"3B","1261","120","-30"
"Farmer, Kyle","Reds",2022,"SS","3672","146","-10"
"Siani, Michael","Reds",2022,"CF","289","321","0"
"Fairchild, Stuart","Reds",2022,"RF","80","295","28"
"Fairchild, Stuart","Reds",2022,"LF","571","293","-26"
"Fairchild, Stuart","Reds",2022,"CF","372","320","1"
"Votto, Joey","Reds",2022,"1B","2860","113","33"
"Senzel, Nick","Reds",2022,"CF","3672","322","0"
"Senzel, Nick","Reds",2022,"3B","52","121","-27"
"Pham, Tommy","Reds",2022,"LF","3135","294","-29"
"Steer, Spencer","Reds",2022,"3B","447","120","-28"
"Steer, Spencer","Reds",2022,"2B","154","150","9"
"Steer, Spencer","Reds",2022,"1B","310","110","34"
"Fraley, Jake","Reds",2022,"CF","266","316","0"
"Fraley, Jake","Reds",2022,"LF","803","294","-26"
"Fraley, Jake","Reds",2022,"RF","543","290","27"
"Friedl, TJ","Reds",2022,"LF","776","290","-26"
"Friedl, TJ","Reds",2022,"RF","434","289","27"
"Friedl, TJ","Reds",2022,"CF","804","318","0"
"Garcia, Aramis","Reds",2022,"1B","39","110","36"
"Naquin, Tyler","Reds",2022,"RF","1476","295","27"
"Solano, Donovan","Reds",2022,"3B","638","116","-28"
"Solano, Donovan","Reds",2022,"2B","203","151","12"
"Solano, Donovan","Reds",2022,"1B","893","112","33"
"Lopez, Alejo","Reds",2022,"LF","68","296","-28"
"Lopez, Alejo","Reds",2022,"RF","16","288","26"
"Lopez, Alejo","Reds",2022,"2B","911","150","12"
"Lopez, Alejo","Reds",2022,"3B","163","122","-30"
"Barrero, Jose","Reds",2022,"SS","1730","145","-11"
"Drury, Brandon","Reds",2022,"3B","2046","121","-26"
"Drury, Brandon","Reds",2022,"SS","23","150","-9"
"Drury, Brandon","Reds",2022,"2B","583","156","15"
"Drury, Brandon","Reds",2022,"1B","237","111","37"
"India, Jonathan","Reds",2022,"2B","3173","149","13"
"Moustakas, Mike","Reds",2022,"3B","788","119","-26"
"Moustakas, Mike","Reds",2022,"1B","771","114","35"
"Riddle, JT","Reds",2022,"3B","35","123","-33"
"Almora Jr., Albert","Reds",2022,"LF","529","295","-27"
"Almora Jr., Albert","Reds",2022,"CF","700","320","0"
"Almora Jr., Albert","Reds",2022,"RF","975","293","27"
"Moran, Colin","Reds",2022,"3B","378","121","-31"
"Moran, Colin","Reds",2022,"1B","761","117","35"
"Reynolds, Matt","Reds",2022,"2B","1075","152","14"
"Reynolds, Matt","Reds",2022,"LF","64","290","-27"
"Reynolds, Matt","Reds",2022,"RF","211","291","27"
"Reynolds, Matt","Reds",2022,"3B","298","121","-28"
"Reynolds, Matt","Reds",2022,"1B","273","111","33"
"Reynolds, Matt","Reds",2022,"SS","733","146","-12"
"Aquino, Aristides","Reds",2022,"RF","2362","291","27"
"Aquino, Aristides","Reds",2022,"CF","44","320","2"
"Aquino, Aristides","Reds",2022,"LF","174","294","-26"
"Schrock, Max","Reds",2022,"RF","58","296","27"
"Schrock, Max","Reds",2022,"LF","38","299","-26"
"Schrock, Max","Reds",2022,"2B","42","151","10"
"Motter, Taylor","Reds",2022,"3B","52","117","-26"
"Gonzalez, Oscar","Guardians",2022,"RF","2986","295","28"
"Jones, Nolan","Guardians",2022,"RF","695","295","28"
"Chang, Yu","Guardians",2022,"3B","11","127","-28"
"Chang, Yu","Guardians",2022,"2B","50","152","13"
"Chang, Yu","Guardians",2022,"1B","20","105","35"
"Reyes, Franmil","Guardians",2022,"RF","333","296","28"
"Reyes, Franmil","Guardians",2022,"LF","38","297","-26"
"Clement, Ernie","Guardians",2022,"3B","705","117","-31"
"Clement, Ernie","Guardians",2022,"1B","61","108","36"
"Clement, Ernie","Guardians",2022,"LF","317","302","-26"
"Clement, Ernie","Guardians",2022,"2B","391","152","13"
"Call, Alex","Guardians",2022,"CF","40","327","3"
"Call, Alex","Guardians",2022,"RF","78","297","28"
"Kwan, Steven","Guardians",2022,"CF","132","326","0"
"Kwan, Steven","Guardians",2022,"RF","649","295","28"
"Kwan, Steven","Guardians",2022,"LF","4128","297","-27"
"Freeman, Tyler","Guardians",2022,"3B","381","114","-29"
"Freeman, Tyler","Guardians",2022,"SS","276","146","-10"
"Freeman, Tyler","Guardians",2022,"2B","134","150","13"
"Benson, Will","Guardians",2022,"LF","133","303","-26"
"Benson, Will","Guardians",2022,"CF","303","322","1"
"Benson, Will","Guardians",2022,"RF","74","298","28"
"Giménez, Andrés","Guardians",2022,"SS","529","147","-12"
"Giménez, Andrés","Guardians",2022,"2B","4392","153","14"
"Ramírez, José","Guardians",2022,"3B","4553","122","-29"
"Arias, Gabriel","Guardians",2022,"3B","290","119","-27"
"Arias, Gabriel","Guardians",2022,"1B","35","114","36"
"Arias, Gabriel","Guardians",2022,"2B","116","154","13"
"Arias, Gabriel","Guardians",2022,"SS","73","144","-8"
"Bradley, Bobby","Guardians",2022,"1B","165","112","34"
"Straw, Myles","Guardians",2022,"CF","5358","317","1"
"Naylor, Josh","Guardians",2022,"1B","3041","109","35"
"Naylor, Josh","Guardians",2022,"RF","169","299","27"
"Rosario, Amed","Guardians",2022,"SS","5092","147","-11"
"Rosario, Amed","Guardians",2022,"LF","182","299","-27"
"Mercado, Óscar","Guardians",2022,"RF","867","293","28"
"Mercado, Óscar","Guardians",2022,"LF","305","298","-27"
"Mercado, Óscar","Guardians",2022,"CF","100","313","0"
"Miller, Owen","Guardians",2022,"1B","2648","111","36"
"Miller, Owen","Guardians",2022,"2B","875","152","12"
"Miller, Owen","Guardians",2022,"3B","30","119","-31"
"Brennan, Will","Guardians",2022,"LF","176","295","-27"
"Brennan, Will","Guardians",2022,"CF","37","315","0"
"Brennan, Will","Guardians",2022,"RF","119","292","27"
"Palacios, Richie","Guardians",2022,"2B","12","155","13"
"Palacios, Richie","Guardians",2022,"LF","684","300","-26"
"Tovar, Ezequiel","Rockies",2022,"SS","342","146","-13"
"Bernard, Wynton","Rockies",2022,"CF","375","323","-1"
"Bernard, Wynton","Rockies",2022,"LF","34","303","-29"
"Bernard, Wynton","Rockies",2022,"RF","22","290","30"
"Bryant, Kris","Rockies",2022,"LF","1080","294","-27"
"Grichuk, Randal","Rockies",2022,"RF","3225","294","28"
"Grichuk, Randal","Rockies",2022,"CF","1740","322","0"
"McMahon, Ryan","Rockies",2022,"2B","352","152","13"
"McMahon, Ryan","Rockies",2022,"3B","5149","120","-29"
"Rodgers, Brendan","Rockies",2022,"2B","5064","150","12"
"Cron, C.J.","Rockies",2022,"1B","4515","111","35"
"Trejo, Alan","Rockies",2022,"SS","693","148","-11"
"Trejo, Alan","Rockies",2022,"2B","468","149","12"
"Trejo, Alan","Rockies",2022,"3B","69","117","-31"
"Bouchard, Sean","Rockies",2022,"LF","952","298","-27"
"Hampson, Garrett","Rockies",2022,"CF","892","321","0"
"Hampson, Garrett","Rockies",2022,"2B","332","148","13"
"Hampson, Garrett","Rockies",2022,"3B","214","120","-31"
"Hampson, Garrett","Rockies",2022,"SS","915","148","-12"
"Iglesias, Jose","Rockies",2022,"SS","4266","145","-11"
"Hilliard, Sam","Rockies",2022,"RF","24","295","29"
"Hilliard, Sam","Rockies",2022,"LF","1636","299","-28"
"Hilliard, Sam","Rockies",2022,"CF","372","318","1"
"Blackmon, Charlie","Rockies",2022,"RF","1736","299","27"
"Joe, Connor","Rockies",2022,"1B","694","114","35"
"Joe, Connor","Rockies",2022,"LF","1670","298","-28"
"Joe, Connor","Rockies",2022,"RF","569","300","28"
"Toglia, Michael","Rockies",2022,"RF","636","296","28"
"Toglia, Michael","Rockies",2022,"1B","474","113","35"
"Daza, Yonathan","Rockies",2022,"LF","844","296","-29"
"Daza, Yonathan","Rockies",2022,"CF","2837","326","-1"
"Montero, Elehuris","Rockies",2022,"1B","523","113","36"
"Montero, Elehuris","Rockies",2022,"3B","784","115","-28"
"Carpenter, Kerry","Tigers",2022,"RF","266","293","27"
"Carpenter, Kerry","Tigers",2022,"LF","372","304","-26"
"Haase, Eric","Tigers",2022,"LF","197","305","-27"
"Kreidler, Ryan","Tigers",2022,"SS","383","143","-13"
"Kreidler, Ryan","Tigers",2022,"CF","11","323","0"
"Kreidler, Ryan","Tigers",2022,"3B","388","119","-31"
"Kreidler, Ryan","Tigers",2022,"2B","83","155","12"
"Grossman, Robbie","Tigers",2022,"LF","1520","305","-26"
"Grossman, Robbie","Tigers",2022,"RF","1146","295","27"
"Candelario, Jeimer","Tigers",2022,"3B","4110","117","-30"
"Baddoo, Akil","Tigers",2022,"LF","1751","299","-26"
"Baddoo, Akil","Tigers",2022,"CF","571","324","1"
"Reyes, Victor","Tigers",2022,"RF","2157","295","27"
"Reyes, Victor","Tigers",2022,"CF","214","327","2"
"Reyes, Victor","Tigers",2022,"LF","565","305","-26"
"Torkelson, Spencer","Tigers",2022,"1B","3939","109","34"
"Schoop, Jonathan","Tigers",2022,"2B","4659","152","11"
"Schoop, Jonathan","Tigers",2022,"1B","42","115","35"
"Cameron, Daz","Tigers",2022,"CF","239","323","1"
"Cameron, Daz","Tigers",2022,"RF","469","291","27"
"Short, Zack","Tigers",2022,"SS","65","147","-14"
"Short, Zack","Tigers",2022,"2B","62","154","10"
"Hill, Derek","Tigers",2022,"CF","963","325","1"
"Báez, Javier","Tigers",2022,"SS","4757","141","-12"
"Castro, Harold","Tigers",2022,"2B","504","149","11"
"Castro, Harold","Tigers",2022,"3B","906","119","-30"
"Castro, Harold","Tigers",2022,"LF","73","306","-26"
"Castro, Harold","Tigers",2022,"SS","504","144","-12"
"Castro, Harold","Tigers",2022,"1B","1744","106","35"
"Davis, Brendon","Tigers",2022,"RF","80","296","27"
"Davis, Brendon","Tigers",2022,"3B","39","115","-30"
"Clemens, Kody","Tigers",2022,"3B","426","120","-30"
"Clemens, Kody","Tigers",2022,"1B","305","113","36"
"Clemens, Kody","Tigers",2022,"2B","286","152","11"
"Clemens, Kody","Tigers",2022,"LF","175","302","-26"
"Meadows, Austin","Tigers",2022,"RF","596","297","28"
"Meadows, Austin","Tigers",2022,"LF","523","307","-25"
"Greene, Riley","Tigers",2022,"CF","3487","327","1"
"Castro, Willi","Tigers",2022,"2B","436","151","9"
"Castro, Willi","Tigers",2022,"RF","1316","291","27"
"Castro, Willi","Tigers",2022,"CF","542","329","1"
"Castro, Willi","Tigers",2022,"SS","321","145","-12"
"Castro, Willi","Tigers",2022,"LF","854","305","-25"
"Castro, Willi","Tigers",2022,"3B","151","117","-30"
"Gurriel, Yuli","Astros",2022,"1B","4932","114","35"
"Brantley, Michael","Astros",2022,"LF","1017","295","-27"
"Mancini, Trey","Astros",2022,"1B","332","109","36"
"Mancini, Trey","Astros",2022,"LF","551","295","-28"
"Mancini, Trey","Astros",2022,"RF","35","289","27"
"Siri, Jose","Astros",2022,"RF","105","291","28"
"Siri, Jose","Astros",2022,"CF","1284","321","0"
"Siri, Jose","Astros",2022,"LF","41","297","-28"
"Matijevic, J.J.","Astros",2022,"1B","233","113","36"
"Bregman, Alex","Astros",2022,"3B","5483","117","-28"
"Altuve, Jose","Astros",2022,"2B","4606","153","14"
"Peña, Jeremy","Astros",2022,"SS","4710","146","-8"
"Alvarez, Yordan","Astros",2022,"LF","1858","297","-28"
"Díaz, Aledmys","Astros",2022,"3B","274","118","-28"
"Díaz, Aledmys","Astros",2022,"2B","673","150","15"
"Díaz, Aledmys","Astros",2022,"1B","188","109","37"
"Díaz, Aledmys","Astros",2022,"SS","557","146","-8"
"Díaz, Aledmys","Astros",2022,"RF","12","289","26"
"Díaz, Aledmys","Astros",2022,"LF","766","299","-29"
"Meyers, Jake","Astros",2022,"CF","1616","321","0"
"Hensley, David","Astros",2022,"SS","76","146","-8"
"Hensley, David","Astros",2022,"2B","47","146","17"
"Hensley, David","Astros",2022,"3B","44","123","-27"
"Hensley, David","Astros",2022,"LF","12","299","-26"
"Tucker, Kyle","Astros",2022,"RF","5175","293","27"
"Perez, Joe","Astros",2022,"3B","12","133","-24"
"McCormick, Chas","Astros",2022,"CF","1851","318","-1"
"McCormick, Chas","Astros",2022,"LF","1364","299","-28"
"McCormick, Chas","Astros",2022,"RF","438","298","26"
"Dubón, Mauricio","Astros",2022,"CF","1062","316","0"
"Dubón, Mauricio","Astros",2022,"LF","201","298","-28"
"Dubón, Mauricio","Astros",2022,"SS","470","146","-9"
"Dubón, Mauricio","Astros",2022,"2B","238","155","14"
"Dubón, Mauricio","Astros",2022,"RF","48","297","30"
"Goodrum, Niko","Astros",2022,"1B","128","110","35"
"Goodrum, Niko","Astros",2022,"2B","249","149","13"
"Rivera, Emmanuel","Royals",2022,"3B","2071","120","-32"
"Eaton, Nate","Royals",2022,"3B","505","122","-31"
"Eaton, Nate","Royals",2022,"CF","163","313","-1"
"Eaton, Nate","Royals",2022,"LF","126","295","-28"
"Eaton, Nate","Royals",2022,"RF","494","298","27"
"Merrifield, Whit","Royals",2022,"2B","2072","154","12"
"Merrifield, Whit","Royals",2022,"RF","1110","295","26"
"Merrifield, Whit","Royals",2022,"CF","243","325","1"
"Rooker, Brent","Royals",2022,"LF","115","304","-27"
"Taylor, Michael A.","Royals",2022,"CF","4376","322","0"
"Pratto, Nick","Royals",2022,"RF","28","304","25"
"Pratto, Nick","Royals",2022,"1B","1509","113","33"
"Pratto, Nick","Royals",2022,"LF","222","307","-27"
"Witt Jr., Bobby","Royals",2022,"SS","3679","147","-13"
"Witt Jr., Bobby","Royals",2022,"3B","1914","119","-33"
"Garcia, Maikel","Royals",2022,"SS","237","149","-12"
"Melendez, MJ","Royals",2022,"RF","520","300","26"
"Melendez, MJ","Royals",2022,"LF","847","299","-28"
"Lopez, Nicky","Royals",2022,"2B","2400","151","12"
"Lopez, Nicky","Royals",2022,"SS","1754","145","-13"
"Lopez, Nicky","Royals",2022,"3B","767","119","-31"
"Santana, Carlos","Royals",2022,"1B","1617","106","34"
"Massey, Michael","Royals",2022,"2B","1756","153","10"
"Massey, Michael","Royals",2022,"3B","33","122","-33"
"Pasquantino, Vinnie","Royals",2022,"1B","1331","108","35"
"Benintendi, Andrew","Royals",2022,"LF","3349","299","-27"
"Isbel, Kyle","Royals",2022,"CF","923","321","0"
"Isbel, Kyle","Royals",2022,"RF","1181","295","27"
"Isbel, Kyle","Royals",2022,"LF","776","296","-27"
"O'Hearn, Ryan","Royals",2022,"1B","292","106","33"
"O'Hearn, Ryan","Royals",2022,"RF","343","294","26"
"Blanco, Dairon","Royals",2022,"CF","79","319","0"
"Hicklen, Brewer","Royals",2022,"CF","30","327","0"
"Hicklen, Brewer","Royals",2022,"RF","15","297","26"
"Hicklen, Brewer","Royals",2022,"LF","11","302","-27"
"Olivares, Edward","Royals",2022,"RF","860","297","26"
"Olivares, Edward","Royals",2022,"CF","13","331","-2"
"Olivares, Edward","Royals",2022,"LF","411","301","-28"
"Waters, Drew","Royals",2022,"RF","628","294","27"
"Waters, Drew","Royals",2022,"CF","401","318","0"
"Waters, Drew","Royals",2022,"LF","112","290","-27"
"Mondesi, Adalberto","Royals",2022,"SS","558","143","-13"
"Dozier, Hunter","Royals",2022,"1B","1475","108","35"
"Dozier, Hunter","Royals",2022,"3B","938","118","-32"
"Dozier, Hunter","Royals",2022,"RF","1042","298","26"
"Dozier, Hunter","Royals",2022,"LF","259","300","-27"
"Turner, Justin","Dodgers",2022,"3B","2302","114","-25"
"Freeman, Freddie","Dodgers",2022,"1B","5528","109","35"
"Alvarez, Eddy","Dodgers",2022,"3B","99","116","-31"
"Alvarez, Eddy","Dodgers",2022,"LF","26","292","-25"
"Alvarez, Eddy","Dodgers",2022,"RF","123","290","28"
"Thompson, Trayce","Dodgers",2022,"CF","592","318","0"
"Thompson, Trayce","Dodgers",2022,"LF","902","298","-27"
"Thompson, Trayce","Dodgers",2022,"RF","525","292","27"
"Lux, Gavin","Dodgers",2022,"SS","128","150","-15"
"Lux, Gavin","Dodgers",2022,"LF","831","296","-27"
"Lux, Gavin","Dodgers",2022,"2B","3271","152","9"
"Muncy, Max","Dodgers",2022,"2B","897","150","10"
"Muncy, Max","Dodgers",2022,"1B","25","113","33"
"Muncy, Max","Dodgers",2022,"3B","2850","116","-28"
"Outman, James","Dodgers",2022,"RF","24","297","27"
"Outman, James","Dodgers",2022,"LF","84","297","-26"
"Bellinger, Cody","Dodgers",2022,"CF","4893","315","1"
"McKinstry, Zach","Dodgers",2022,"2B","17","151","6"
"McKinstry, Zach","Dodgers",2022,"SS","13","150","-14"
"McKinstry, Zach","Dodgers",2022,"RF","44","288","28"
"McKinstry, Zach","Dodgers",2022,"LF","35","300","-27"
"Gallo, Joey","Dodgers",2022,"LF","903","295","-28"
"Gallo, Joey","Dodgers",2022,"RF","247","290","29"
"Vargas, Miguel","Dodgers",2022,"LF","194","294","-27"
"Vargas, Miguel","Dodgers",2022,"1B","166","114","35"
"Ríos, Edwin","Dodgers",2022,"3B","47","112","-26"
"Ríos, Edwin","Dodgers",2022,"1B","36","114","37"
"Pillar, Kevin","Dodgers",2022,"CF","29","316","1"
"Pillar, Kevin","Dodgers",2022,"LF","107","293","-26"
"Betts, Mookie","Dodgers",2022,"2B","180","153","8"
"Betts, Mookie","Dodgers",2022,"RF","4626","289","27"
"Lamb, Jake","Dodgers",2022,"1B","33","111","34"
"Lamb, Jake","Dodgers",2022,"LF","174","301","-27"
"Turner, Trea","Dodgers",2022,"SS","5565","147","-16"
"Alberto, Hanser","Dodgers",2022,"3B","509","117","-28"
"Alberto, Hanser","Dodgers",2022,"2B","770","151","10"
"Alberto, Hanser","Dodgers",2022,"RF","22","285","30"
"Alberto, Hanser","Dodgers",2022,"1B","40","117","34"
"Alberto, Hanser","Dodgers",2022,"SS","114","149","-14"
"Taylor, Chris","Dodgers",2022,"2B","688","154","11"
"Taylor, Chris","Dodgers",2022,"LF","2576","295","-27"
"Taylor, Chris","Dodgers",2022,"3B","17","118","-20"
"Taylor, Chris","Dodgers",2022,"CF","318","319","1"
"Taylor, Chris","Dodgers",2022,"RF","221","289","27"
"Franco, Maikel","Nationals",2022,"1B","59","113","36"
"Franco, Maikel","Nationals",2022,"3B","3652","115","-25"
"García Jr., Luis","Nationals",2022,"SS","2234","144","-12"
"García Jr., Luis","Nationals",2022,"2B","1224","153","15"
"Call, Alex","Nationals",2022,"RF","37","297","30"
"Call, Alex","Nationals",2022,"CF","131","327","0"
"Call, Alex","Nationals",2022,"LF","893","300","-27"
"Fox, Lucius","Nationals",2022,"3B","59","121","-28"
"Fox, Lucius","Nationals",2022,"SS","232","145","-15"
"Adams, Riley","Nationals",2022,"1B","48","104","37"
"Adrianza, Ehire","Nationals",2022,"3B","548","121","-29"
"Adrianza, Ehire","Nationals",2022,"SS","43","139","-15"
"Adrianza, Ehire","Nationals",2022,"2B","146","151","12"
"Adrianza, Ehire","Nationals",2022,"LF","155","305","-27"
"Voit, Luke","Nationals",2022,"1B","946","107","35"
"Meneses, Joey","Nationals",2022,"1B","1221","114","36"
"Meneses, Joey","Nationals",2022,"RF","794","301","28"
"Meneses, Joey","Nationals",2022,"LF","55","297","-26"
"Strange-Gordon, Dee","Nationals",2022,"CF","85","331","0"
"Strange-Gordon, Dee","Nationals",2022,"LF","64","311","-27"
"Strange-Gordon, Dee","Nationals",2022,"SS","458","144","-13"
"Vargas, Ildemaro","Nationals",2022,"SS","317","143","-12"
"Vargas, Ildemaro","Nationals",2022,"3B","1592","120","-28"
"Vargas, Ildemaro","Nationals",2022,"2B","39","144","16"
"Hernández, César","Nationals",2022,"LF","339","293","-27"
"Hernández, César","Nationals",2022,"2B","4738","152","12"
"Hernández, César","Nationals",2022,"3B","312","117","-27"
"Soto, Juan","Nationals",2022,"RF","3744","294","28"
"Thomas, Lane","Nationals",2022,"LF","1884","300","-28"
"Thomas, Lane","Nationals",2022,"CF","1693","322","0"
"Thomas, Lane","Nationals",2022,"RF","1309","296","28"
"Palacios, Joshua","Nationals",2022,"LF","153","306","-28"
"Palacios, Joshua","Nationals",2022,"RF","270","298","28"
"Abrams, CJ","Nationals",2022,"SS","1555","147","-13"
"Robles, Victor","Nationals",2022,"CF","4254","319","0"
"Escobar, Alcides","Nationals",2022,"2B","16","143","12"
"Escobar, Alcides","Nationals",2022,"SS","1324","142","-14"
"Bell, Josh","Nationals",2022,"1B","3889","113","35"
"Hernandez, Yadiel","Nationals",2022,"LF","2620","297","-27"
"Marrero, Deven","Mets",2022,"SS","29","148","-8"
"Marrero, Deven","Mets",2022,"3B","35","118","-31"
"Mazeika, Patrick","Mets",2022,"1B","11","114","35"
"Davis, J.D.","Mets",2022,"1B","113","105","36"
"Davis, J.D.","Mets",2022,"3B","192","117","-34"
"McCann, James","Mets",2022,"1B","58","109","36"
"Lee, Khalil","Mets",2022,"CF","17","326","1"
"Alonso, Pete","Mets",2022,"1B","4725","110","34"
"Smith, Dominic","Mets",2022,"1B","782","117","34"
"Inciarte, Ender","Mets",2022,"CF","14","320","3"
"Inciarte, Ender","Mets",2022,"LF","55","298","-27"
"Inciarte, Ender","Mets",2022,"RF","21","292","29"
"Lindor, Francisco","Mets",2022,"SS","5694","145","-11"
"Canha, Mark","Mets",2022,"LF","4055","299","-27"
"Canha, Mark","Mets",2022,"3B","28","108","-28"
"Canha, Mark","Mets",2022,"CF","299","324","1"
"Canha, Mark","Mets",2022,"RF","186","293","27"
"Nimmo, Brandon","Mets",2022,"CF","5283","328","0"
"Gore, Terrance","Mets",2022,"CF","62","330","0"
"Gore, Terrance","Mets",2022,"LF","19","301","-27"
"Naquin, Tyler","Mets",2022,"CF","16","332","0"
"Naquin, Tyler","Mets",2022,"LF","391","300","-27"
"Naquin, Tyler","Mets",2022,"RF","705","296","28"
"Canó, Robinson","Mets",2022,"2B","205","144","12"
"Plummer, Nick","Mets",2022,"RF","69","298","27"
"Plummer, Nick","Mets",2022,"LF","98","299","-27"
"Guillorme, Luis","Mets",2022,"2B","2225","152","11"
"Guillorme, Luis","Mets",2022,"SS","207","144","-12"
"Guillorme, Luis","Mets",2022,"3B","665","122","-32"
"McNeil, Jeff","Mets",2022,"2B","3496","156","12"
"McNeil, Jeff","Mets",2022,"LF","1135","302","-28"
"McNeil, Jeff","Mets",2022,"RF","373","299","28"
"Escobar, Eduardo","Mets",2022,"3B","4556","121","-33"
"Escobar, Eduardo","Mets",2022,"2B","10","145","12"
"Baty, Brett","Mets",2022,"3B","396","119","-30"
"Jankowski, Travis","Mets",2022,"RF","329","300","28"
"Jankowski, Travis","Mets",2022,"LF","168","304","-26"
"Jankowski, Travis","Mets",2022,"CF","225","331","0"
"Marte, Starling","Mets",2022,"RF","4115","299","28"
"Marte, Starling","Mets",2022,"CF","20","326","5"
"Ruf, Darin","Mets",2022,"LF","15","302","-26"
"Ruf, Darin","Mets",2022,"RF","129","300","27"
"Ruf, Darin","Mets",2022,"1B","243","112","34"
"Vientos, Mark","Mets",2022,"3B","51","124","-33"
"Andrus, Elvis","Athletics",2022,"SS","3588","146","-11"
"Lowrie, Jed","Athletics",2022,"2B","75","147","13"
"Lowrie, Jed","Athletics",2022,"1B","108","113","37"
"Clement, Ernie","Athletics",2022,"SS","49","146","-14"
"Clement, Ernie","Athletics",2022,"3B","129","119","-31"
"McKinney, Billy","Athletics",2022,"LF","85","301","-27"
"McKinney, Billy","Athletics",2022,"1B","158","111","36"
"McKinney, Billy","Athletics",2022,"RF","253","286","27"
"Kemp, Tony","Athletics",2022,"2B","2634","147","12"
"Kemp, Tony","Athletics",2022,"LF","2131","299","-26"
"Stevenson, Cal","Athletics",2022,"CF","656","320","1"
"Stevenson, Cal","Athletics",2022,"RF","15","295","29"
"Smith, Kevin","Athletics",2022,"SS","207","144","-11"
"Smith, Kevin","Athletics",2022,"3B","1332","120","-27"
"Brown, Seth","Athletics",2022,"LF","811","305","-27"
"Brown, Seth","Athletics",2022,"CF","548","326","1"
"Brown, Seth","Athletics",2022,"1B","2672","113","35"
"Brown, Seth","Athletics",2022,"RF","959","297","28"
"MacKinnon, David","Athletics",2022,"1B","122","112","34"
"Thomas, Cody","Athletics",2022,"LF","332","302","-26"
"Lopes, Christian","Athletics",2022,"RF","11","290","29"
"Lopes, Christian","Athletics",2022,"LF","24","296","-27"
"Lopes, Christian","Athletics",2022,"2B","43","155","16"
"Neuse, Sheldon","Athletics",2022,"3B","1381","117","-25"
"Neuse, Sheldon","Athletics",2022,"SS","61","145","-12"
"Neuse, Sheldon","Athletics",2022,"2B","640","149","13"
"Neuse, Sheldon","Athletics",2022,"1B","376","106","34"
"Piscotty, Stephen","Athletics",2022,"RF","929","302","30"
"Piscotty, Stephen","Athletics",2022,"LF","136","306","-27"
"Bolt, Skye","Athletics",2022,"RF","100","290","27"
"Bolt, Skye","Athletics",2022,"LF","15","287","-28"
"Bolt, Skye","Athletics",2022,"CF","1036","326","1"
"Barrera, Luis","Athletics",2022,"RF","440","293","27"
"Barrera, Luis","Athletics",2022,"LF","431","300","-27"
"Jackson, Drew","Athletics",2022,"RF","30","305","28"
"Pache, Cristian","Athletics",2022,"CF","2732","317","1"
"Machín, Vimael","Athletics",2022,"3B","2312","120","-30"
"Garcia, Dérmis","Athletics",2022,"LF","41","315","-24"
"Garcia, Dérmis","Athletics",2022,"1B","1081","110","35"
"Capel, Conner","Athletics",2022,"RF","397","297","27"
"McDonald, Mickey","Athletics",2022,"RF","40","293","27"
"McDonald, Mickey","Athletics",2022,"CF","25","324","0"
"Bride, Jonah","Athletics",2022,"1B","76","107","34"
"Bride, Jonah","Athletics",2022,"2B","1004","151","12"
"Bride, Jonah","Athletics",2022,"3B","589","115","-29"
"Mondou, Nate","Athletics",2022,"2B","31","149","9"
"Pinder, Chad","Athletics",2022,"3B","127","116","-30"
"Pinder, Chad","Athletics",2022,"1B","85","112","35"
"Pinder, Chad","Athletics",2022,"RF","787","296","28"
"Pinder, Chad","Athletics",2022,"LF","2055","298","-26"
"Davidson, Matt","Athletics",2022,"3B","207","113","-30"
"Davidson, Matt","Athletics",2022,"1B","19","108","34"
"Allen, Nick","Athletics",2022,"2B","1265","153","13"
"Allen, Nick","Athletics",2022,"SS","2171","147","-13"
"Diaz, Jordan","Athletics",2022,"2B","380","148","13"
"Diaz, Jordan","Athletics",2022,"1B","41","104","36"
"Vogt, Stephen","Athletics",2022,"1B","432","107","34"
"Bethancourt, Christian","Athletics",2022,"1B","910","109","35"
"Laureano, Ramón","Athletics",2022,"RF","2119","293","28"
"Laureano, Ramón","Athletics",2022,"CF","1080","322","0"
"Andujar, Miguel","Pirates",2022,"LF","145","297","-26"
"Marcano, Tucupita","Pirates",2022,"LF","1025","297","-26"
"Marcano, Tucupita","Pirates",2022,"2B","674","146","10"
"Chang, Yu","Pirates",2022,"2B","258","149","10"
"Chang, Yu","Pirates",2022,"1B","183","106","35"
"Madris, Bligh","Pirates",2022,"CF","16","331","0"
"Madris, Bligh","Pirates",2022,"1B","258","107","34"
"Madris, Bligh","Pirates",2022,"RF","650","301","27"
"Madris, Bligh","Pirates",2022,"LF","167","299","-26"
"Allen, Greg","Pirates",2022,"CF","398","323","1"
"Allen, Greg","Pirates",2022,"RF","271","293","27"
"Allen, Greg","Pirates",2022,"LF","601","293","-26"
"Tsutsugo, Yoshi","Pirates",2022,"1B","1258","103","35"
"Marisnick, Jake","Pirates",2022,"LF","291","296","-25"
"Marisnick, Jake","Pirates",2022,"RF","82","291","27"
"Marisnick, Jake","Pirates",2022,"CF","444","319","1"
"Suwinski, Jack","Pirates",2022,"LF","1829","300","-26"
"Suwinski, Jack","Pirates",2022,"RF","1292","298","27"
"Suwinski, Jack","Pirates",2022,"CF","475","326","1"
"Mitchell, Cal","Pirates",2022,"RF","1846","295","27"
"Bae, Ji Hwan","Pirates",2022,"CF","177","321","1"
"Bae, Ji Hwan","Pirates",2022,"2B","150","149","9"
"Bae, Ji Hwan","Pirates",2022,"LF","33","298","-26"
"Park, Hoy","Pirates",2022,"2B","280","154","12"
"Park, Hoy","Pirates",2022,"3B","195","119","-30"
"Park, Hoy","Pirates",2022,"SS","101","147","-8"
"Park, Hoy","Pirates",2022,"RF","53","306","28"
"Hayes, Ke'Bryan","Pirates",2022,"3B","4802","117","-33"
"Hayes, Ke'Bryan","Pirates",2022,"SS","23","147","-14"
"Swaggerty, Travis","Pirates",2022,"CF","39","323","2"
"Swaggerty, Travis","Pirates",2022,"LF","65","299","-28"
"VanMeter, Josh","Pirates",2022,"3B","46","119","-34"
"VanMeter, Josh","Pirates",2022,"1B","632","109","34"
"VanMeter, Josh","Pirates",2022,"2B","1094","152","10"
"Reynolds, Bryan","Pirates",2022,"CF","4668","324","1"
"Reynolds, Bryan","Pirates",2022,"LF","45","305","-26"
"Smith-Njigba, Canaan","Pirates",2022,"LF","69","303","-25"
"Castillo, Diego A.","Pirates",2022,"SS","1108","146","-12"
"Castillo, Diego A.","Pirates",2022,"1B","145","108","36"
"Castillo, Diego A.","Pirates",2022,"3B","79","121","-35"
"Castillo, Diego A.","Pirates",2022,"2B","763","151","9"
"Castillo, Diego A.","Pirates",2022,"RF","601","298","26"
"Vogelbach, Daniel","Pirates",2022,"1B","25","105","36"
"Tucker, Cole","Pirates",2022,"2B","218","149","15"
"Tucker, Cole","Pirates",2022,"SS","98","146","-11"
"Tucker, Cole","Pirates",2022,"RF","318","303","27"
"Alford, Anthony","Pirates",2022,"LF","23","303","-27"
"Castro, Rodolfo","Pirates",2022,"SS","667","148","-12"
"Castro, Rodolfo","Pirates",2022,"3B","812","121","-35"
"Castro, Rodolfo","Pirates",2022,"2B","1082","151","10"
"Chavis, Michael","Pirates",2022,"3B","208","116","-27"
"Chavis, Michael","Pirates",2022,"2B","288","150","11"
"Chavis, Michael","Pirates",2022,"1B","3260","106","33"
"Padlo, Kevin","Pirates",2022,"1B","32","105","34"
"Padlo, Kevin","Pirates",2022,"3B","89","115","-34"
"Collins, Zack","Pirates",2022,"1B","249","106","35"
"Gamel, Ben","Pirates",2022,"RF","1100","299","27"
"Gamel, Ben","Pirates",2022,"LF","1935","305","-25"
"Gamel, Ben","Pirates",2022,"1B","189","109","35"
"Newman, Kevin","Pirates",2022,"SS","1204","146","-12"
"Newman, Kevin","Pirates",2022,"2B","1424","148","10"
"Cruz, Oneil","Pirates",2022,"SS","2978","147","-12"
"Peguero, Liover","Pirates",2022,"SS","45","145","-16"
"Rooker, Brent","Padres",2022,"LF","86","300","-26"
"Thompson, Trayce","Padres",2022,"RF","121","294","27"
"Thompson, Trayce","Padres",2022,"LF","30","301","-26"
"Profar, Jurickson","Padres",2022,"LF","5129","296","-27"
"Mazara, Nomar","Padres",2022,"RF","1441","300","28"
"Mazara, Nomar","Padres",2022,"LF","36","298","-26"
"Ruiz, Esteury","Padres",2022,"CF","110","318","0"
"Ruiz, Esteury","Padres",2022,"RF","92","292","27"
"Ruiz, Esteury","Padres",2022,"LF","106","296","-25"
"Voit, Luke","Padres",2022,"1B","401","110","36"
"Myers, Wil","Padres",2022,"RF","1241","300","26"
"Myers, Wil","Padres",2022,"CF","141","326","1"
"Myers, Wil","Padres",2022,"LF","286","305","-26"
"Myers, Wil","Padres",2022,"1B","789","107","36"
"Rosario, Eguy","Padres",2022,"3B","17","118","-33"
"Rosario, Eguy","Padres",2022,"SS","18","150","-16"
"Batten, Matthew","Padres",2022,"2B","65","153","11"
"Batten, Matthew","Padres",2022,"3B","137","125","-31"
"Batten, Matthew","Padres",2022,"LF","24","289","-26"
"Cronenworth, Jake","Padres",2022,"SS","240","147","-12"
"Cronenworth, Jake","Padres",2022,"1B","299","111","34"
"Cronenworth, Jake","Padres",2022,"2B","5194","159","13"
"Canó, Robinson","Padres",2022,"2B","155","148","14"
"Hosmer, Eric","Padres",2022,"1B","3126","113","35"
"Nola, Austin","Padres",2022,"2B","13","154","10"
"Machado, Manny","Padres",2022,"3B","4754","120","-31"
"Soto, Juan","Padres",2022,"RF","1855","295","28"
"Drury, Brandon","Padres",2022,"1B","685","114","37"
"Drury, Brandon","Padres",2022,"3B","157","120","-29"
"Drury, Brandon","Padres",2022,"2B","253","153","13"
"Alcántara, Sergio","Padres",2022,"SS","170","147","-9"
"Alcántara, Sergio","Padres",2022,"2B","86","152","13"
"Alcántara, Sergio","Padres",2022,"3B","186","120","-33"
"Abrams, CJ","Padres",2022,"RF","50","296","27"
"Abrams, CJ","Padres",2022,"2B","265","156","11"
"Abrams, CJ","Padres",2022,"SS","1061","147","-9"
"Grisham, Trent","Padres",2022,"CF","4781","319","1"
"Bell, Josh","Padres",2022,"1B","684","114","34"
"Kim, Ha-Seong","Padres",2022,"SS","4542","146","-11"
"Kim, Ha-Seong","Padres",2022,"3B","714","123","-32"
"Beaty, Matt","Padres",2022,"RF","234","296","28"
"Beaty, Matt","Padres",2022,"LF","61","298","-27"
"Beaty, Matt","Padres",2022,"1B","47","110","36"
"Azocar, José","Padres",2022,"RF","974","291","27"
"Azocar, José","Padres",2022,"CF","995","320","1"
"Azocar, José","Padres",2022,"LF","265","296","-26"
"Dixon, Brandon","Padres",2022,"RF","19","295","29"
"Dixon, Brandon","Padres",2022,"3B","58","122","-28"
"Suárez, Eugenio","Mariners",2022,"3B","4728","121","-31"
"Ellis, Drew","Mariners",2022,"3B","34","121","-32"
"Kelenic, Jarred","Mariners",2022,"RF","755","293","27"
"Kelenic, Jarred","Mariners",2022,"LF","77","295","-27"
"Kelenic, Jarred","Mariners",2022,"CF","773","320","0"
"Fairchild, Stuart","Mariners",2022,"LF","14","302","-27"
"Frazier, Adam","Mariners",2022,"LF","416","291","-25"
"Frazier, Adam","Mariners",2022,"RF","379","289","27"
"Frazier, Adam","Mariners",2022,"SS","77","145","-10"
"Frazier, Adam","Mariners",2022,"2B","4066","149","11"
"Frazier, Adam","Mariners",2022,"CF","21","314","3"
"Santana, Carlos","Mariners",2022,"1B","1176","109","33"
"Haniger, Mitch","Mariners",2022,"RF","1613","296","27"
"Trammell, Taylor","Mariners",2022,"RF","900","292","26"
"Trammell, Taylor","Mariners",2022,"CF","135","319","0"
"Trammell, Taylor","Mariners",2022,"LF","90","303","-25"
"Larsen, Jack","Mariners",2022,"RF","18","304","27"
"Winker, Jesse","Mariners",2022,"LF","4008","296","-26"
"Souza Jr., Steven","Mariners",2022,"RF","178","291","26"
"Torrens, Luis","Mariners",2022,"2B","44","152","3"
"Jankowski, Travis","Mariners",2022,"CF","10","327","-1"
"Moore, Dylan","Mariners",2022,"CF","240","319","0"
"Moore, Dylan","Mariners",2022,"1B","139","109","34"
"Moore, Dylan","Mariners",2022,"SS","716","145","-13"
"Moore, Dylan","Mariners",2022,"3B","10","123","-24"
"Moore, Dylan","Mariners",2022,"RF","842","293","26"
"Moore, Dylan","Mariners",2022,"2B","265","149","12"
"Moore, Dylan","Mariners",2022,"LF","339","296","-26"
"Padlo, Kevin","Mariners",2022,"1B","84","107","33"
"Toro, Abraham","Mariners",2022,"2B","1531","149","10"
"Toro, Abraham","Mariners",2022,"3B","886","120","-30"
"Toro, Abraham","Mariners",2022,"1B","37","107","36"
"Crawford, J.P.","Mariners",2022,"SS","5164","142","-12"
"Rodríguez, Julio","Mariners",2022,"CF","4644","324","0"
"France, Ty","Mariners",2022,"3B","205","115","-30"
"France, Ty","Mariners",2022,"1B","4471","109","33"
"Lamb, Jake","Mariners",2022,"LF","72","306","-26"
"Lamb, Jake","Mariners",2022,"RF","104","301","27"
"Lamb, Jake","Mariners",2022,"1B","40","110","35"
"Lamb, Jake","Mariners",2022,"3B","91","122","-32"
"Wilson, Marcus","Mariners",2022,"RF","37","300","25"
"Upton, Justin","Mariners",2022,"RF","93","298","28"
"Upton, Justin","Mariners",2022,"LF","48","305","-26"
"Lewis, Kyle","Mariners",2022,"LF","39","288","-27"
"Lewis, Kyle","Mariners",2022,"RF","100","284","26"
"Haggerty, Sam","Mariners",2022,"CF","129","319","1"
"Haggerty, Sam","Mariners",2022,"RF","932","297","28"
"Haggerty, Sam","Mariners",2022,"LF","854","296","-27"
"Haggerty, Sam","Mariners",2022,"2B","48","147","10"
"Machado, Dixon","Giants",2022,"SS","186","142","-13"
"Mercedes, Yermín","Giants",2022,"1B","64","109","36"
"Mercedes, Yermín","Giants",2022,"LF","211","307","-27"
"Dean, Austin","Giants",2022,"LF","71","302","-25"
"Krizan, Jason","Giants",2022,"LF","119","301","-27"
"Davis, J.D.","Giants",2022,"3B","543","119","-29"
"Davis, J.D.","Giants",2022,"1B","361","108","34"
"Fairchild, Stuart","Giants",2022,"CF","105","328","0"
"González, Luis","Giants",2022,"CF","143","316","0"
"González, Luis","Giants",2022,"RF","1905","291","26"
"González, Luis","Giants",2022,"LF","985","298","-26"
"Proctor, Ford","Giants",2022,"2B","194","147","12"
"Casali, Curt","Giants",2022,"1B","19","109","36"
"Yastrzemski, Mike","Giants",2022,"RF","2350","295","26"
"Yastrzemski, Mike","Giants",2022,"CF","2356","325","0"
"Crawford, Brandon","Giants",2022,"SS","4075","146","-14"
"Williams, Luke","Giants",2022,"LF","29","296","-25"
"Williams, Luke","Giants",2022,"3B","119","113","-31"
"Villar, David","Giants",2022,"2B","156","150","12"
"Villar, David","Giants",2022,"1B","299","109","34"
"Villar, David","Giants",2022,"3B","941","116","-28"
"Longoria, Evan","Giants",2022,"3B","2188","115","-28"
"Brinson, Lewis","Giants",2022,"CF","363","326","0"
"Slater, Austin","Giants",2022,"LF","251","296","-26"
"Slater, Austin","Giants",2022,"RF","171","291","26"
"Slater, Austin","Giants",2022,"CF","2308","323","0"
"Duggar, Steven","Giants",2022,"LF","10","294","-26"
"Duggar, Steven","Giants",2022,"CF","370","317","0"
"Ford, Mike","Giants",2022,"1B","45","105","33"
"Estrada, Thairo","Giants",2022,"SS","1238","144","-13"
"Estrada, Thairo","Giants",2022,"3B","57","118","-31"
"Estrada, Thairo","Giants",2022,"2B","3230","148","11"
"Estrada, Thairo","Giants",2022,"LF","345","303","-27"
"Padlo, Kevin","Giants",2022,"3B","102","117","-24"
"Padlo, Kevin","Giants",2022,"1B","30","103","33"
"Johnson, Bryce","Giants",2022,"RF","75","287","28"
"Johnson, Bryce","Giants",2022,"CF","139","318","0"
"Johnson, Bryce","Giants",2022,"LF","24","286","-26"
"Vosler, Jason","Giants",2022,"SS","19","147","-15"
"Vosler, Jason","Giants",2022,"1B","49","108","34"
"Vosler, Jason","Giants",2022,"3B","883","116","-30"
"Vosler, Jason","Giants",2022,"2B","27","141","10"
"Vosler, Jason","Giants",2022,"LF","62","303","-27"
"Walton, Donovan","Giants",2022,"2B","387","152","10"
"Walton, Donovan","Giants",2022,"SS","390","147","-14"
"Flores, Wilmer","Giants",2022,"1B","1253","110","34"
"Flores, Wilmer","Giants",2022,"3B","941","113","-28"
"Flores, Wilmer","Giants",2022,"2B","1911","150","12"
"Wade Jr., LaMonte","Giants",2022,"RF","845","294","26"
"Wade Jr., LaMonte","Giants",2022,"LF","292","301","-27"
"Wade Jr., LaMonte","Giants",2022,"1B","658","109","35"
"Ruf, Darin","Giants",2022,"1B","1048","108","33"
"Ruf, Darin","Giants",2022,"LF","656","297","-26"
"Ruf, Darin","Giants",2022,"RF","95","288","27"
"Belt, Brandon","Giants",2022,"1B","2114","109","32"
"Dubón, Mauricio","Giants",2022,"SS","109","148","-13"
"Dubón, Mauricio","Giants",2022,"CF","218","321","0"
"Dubón, Mauricio","Giants",2022,"3B","86","118","-30"
"Dubón, Mauricio","Giants",2022,"2B","26","150","7"
"La Stella, Tommy","Giants",2022,"3B","157","112","-29"
"La Stella, Tommy","Giants",2022,"2B","86","150","10"
"La Stella, Tommy","Giants",2022,"1B","70","105","35"
"Pederson, Joc","Giants",2022,"RF","391","287","27"
"Pederson, Joc","Giants",2022,"LF","2879","294","-26"
"Ramos, Heliot","Giants",2022,"LF","71","298","-25"
"Ramos, Heliot","Giants",2022,"RF","171","293","26"
"Sosa, Edmundo","Cardinals",2022,"SS","876","145","-10"
"Sosa, Edmundo","Cardinals",2022,"3B","275","122","-31"
"Donovan, Brendan","Cardinals",2022,"RF","608","296","27"
"Donovan, Brendan","Cardinals",2022,"2B","1139","150","13"
"Donovan, Brendan","Cardinals",2022,"1B","247","111","36"
"Donovan, Brendan","Cardinals",2022,"3B","789","115","-30"
"Donovan, Brendan","Cardinals",2022,"LF","591","303","-28"
"Donovan, Brendan","Cardinals",2022,"SS","199","144","-11"
"Yepez, Juan","Cardinals",2022,"3B","162","114","-36"
"Yepez, Juan","Cardinals",2022,"1B","304","111","35"
"Yepez, Juan","Cardinals",2022,"RF","487","304","28"
"Yepez, Juan","Cardinals",2022,"LF","697","301","-28"
"Arenado, Nolan","Cardinals",2022,"3B","4632","118","-31"
"Edman, Tommy","Cardinals",2022,"2B","2495","156","13"
"Edman, Tommy","Cardinals",2022,"3B","99","121","-30"
"Edman, Tommy","Cardinals",2022,"RF","12","295","26"
"Edman, Tommy","Cardinals",2022,"CF","22","317","0"
"Edman, Tommy","Cardinals",2022,"SS","2660","148","-11"
"Carlson, Dylan","Cardinals",2022,"CF","2180","317","0"
"Carlson, Dylan","Cardinals",2022,"RF","1836","292","27"
"Burleson, Alec","Cardinals",2022,"LF","45","288","-28"
"Burleson, Alec","Cardinals",2022,"1B","132","107","35"
"Burleson, Alec","Cardinals",2022,"RF","261","291","28"
"Knizner, Andrew","Cardinals",2022,"1B","23","116","35"
"O'Neill, Tyler","Cardinals",2022,"CF","717","318","0"
"O'Neill, Tyler","Cardinals",2022,"LF","2485","293","-28"
"Goldschmidt, Paul","Cardinals",2022,"1B","4569","113","35"
"Dickerson, Corey","Cardinals",2022,"LF","1928","297","-28"
"Dickerson, Corey","Cardinals",2022,"RF","166","293","28"
"Pujols, Albert","Cardinals",2022,"1B","680","112","35"
"DeJong, Paul","Cardinals",2022,"SS","2220","145","-10"
"DeJong, Paul","Cardinals",2022,"2B","32","145","5"
"Nootbaar, Lars","Cardinals",2022,"LF","183","296","-28"
"Nootbaar, Lars","Cardinals",2022,"RF","2445","296","28"
"Nootbaar, Lars","Cardinals",2022,"CF","345","319","0"
"Capel, Conner","Cardinals",2022,"LF","29","302","-28"
"Capel, Conner","Cardinals",2022,"RF","145","304","28"
"Gorman, Nolan","Cardinals",2022,"2B","2290","151","12"
"DeLuzio, Ben","Cardinals",2022,"CF","282","317","0"
"Bader, Harrison","Cardinals",2022,"CF","2414","323","-2"
"Chang, Yu","Rays",2022,"3B","95","117","-33"
"Chang, Yu","Rays",2022,"2B","668","151","10"
"Chang, Yu","Rays",2022,"SS","269","148","-13"
"Lowe, Josh","Rays",2022,"CF","232","323","0"
"Lowe, Josh","Rays",2022,"RF","1002","296","27"
"Lowe, Josh","Rays",2022,"LF","313","304","-27"
"Mejía, Francisco","Rays",2022,"1B","20","117","36"
"Ramírez, Harold","Rays",2022,"1B","1026","104","35"
"Ramírez, Harold","Rays",2022,"RF","519","300","28"
"Ramírez, Harold","Rays",2022,"LF","104","301","-26"
"Walls, Taylor","Rays",2022,"SS","3004","147","-12"
"Walls, Taylor","Rays",2022,"2B","881","151","9"
"Walls, Taylor","Rays",2022,"3B","683","119","-33"
"Siri, Jose","Rays",2022,"CF","1781","321","0"
"Peralta, David","Rays",2022,"LF","1321","301","-27"
"Arozarena, Randy","Rays",2022,"LF","3592","300","-27"
"Arozarena, Randy","Rays",2022,"RF","867","294","28"
"Kiermaier, Kevin","Rays",2022,"CF","1979","322","1"
"Raley, Luke","Rays",2022,"RF","226","299","28"
"Raley, Luke","Rays",2022,"1B","77","105","35"
"Raley, Luke","Rays",2022,"LF","206","304","-27"
"Choi, Ji Man","Rays",2022,"1B","3252","107","34"
"Phillips, Brett","Rays",2022,"CF","1202","317","0"
"Phillips, Brett","Rays",2022,"RF","950","299","27"
"Paredes, Isaac","Rays",2022,"2B","1169","153","10"
"Paredes, Isaac","Rays",2022,"1B","662","106","35"
"Paredes, Isaac","Rays",2022,"3B","1485","117","-32"
"Aranda, Jonathan","Rays",2022,"1B","196","107","33"
"Aranda, Jonathan","Rays",2022,"2B","313","149","9"
"Aranda, Jonathan","Rays",2022,"LF","25","306","-27"
"Aranda, Jonathan","Rays",2022,"3B","154","112","-32"
"Bruján, Vidal","Rays",2022,"2B","936","154","10"
"Bruján, Vidal","Rays",2022,"RF","407","288","27"
"Bruján, Vidal","Rays",2022,"SS","145","145","-15"
"Bruján, Vidal","Rays",2022,"CF","23","325","-1"
"Bruján, Vidal","Rays",2022,"3B","23","127","-28"
"Franco, Wander","Rays",2022,"SS","2489","144","-14"
"Margot, Manuel","Rays",2022,"LF","244","301","-26"
"Margot, Manuel","Rays",2022,"CF","470","318","1"
"Margot, Manuel","Rays",2022,"RF","1736","294","27"
"Mastrobuoni, Miles","Rays",2022,"2B","128","149","6"
"Mastrobuoni, Miles","Rays",2022,"RF","42","293","27"
"Quinn, Roman","Rays",2022,"RF","145","293","27"
"Quinn, Roman","Rays",2022,"CF","227","321","0"
"Quinn, Roman","Rays",2022,"LF","95","301","-27"
"Lowe, Brandon","Rays",2022,"2B","1819","150","10"
"Lowe, Brandon","Rays",2022,"RF","20","293","27"
"Bethancourt, Christian","Rays",2022,"3B","13","117","-33"
"Bethancourt, Christian","Rays",2022,"1B","141","108","34"
"Díaz, Yandy","Rays",2022,"3B","3461","112","-32"
"Díaz, Yandy","Rays",2022,"1B","536","107","34"
"Smith, Josh","Rangers",2022,"LF","779","303","-27"
"Smith, Josh","Rangers",2022,"3B","1215","113","-28"
"Smith, Josh","Rangers",2022,"2B","29","152","8"
"Smith, Josh","Rangers",2022,"SS","196","148","-19"
"Semien, Marcus","Rangers",2022,"2B","5530","150","11"
"Semien, Marcus","Rangers",2022,"SS","556","148","-15"
"Duran, Ezequiel","Rangers",2022,"3B","1848","118","-30"
"Duran, Ezequiel","Rangers",2022,"2B","254","156","12"
"Reks, Zach","Rangers",2022,"RF","29","300","28"
"Reks, Zach","Rangers",2022,"LF","311","301","-27"
"Miller, Brad","Rangers",2022,"LF","833","292","-27"
"Miller, Brad","Rangers",2022,"3B","589","112","-26"
"Miller, Brad","Rangers",2022,"RF","30","289","29"
"Solak, Nick","Rangers",2022,"LF","591","299","-27"
"Walker, Steele","Rangers",2022,"LF","132","295","-26"
"Walker, Steele","Rangers",2022,"RF","37","297","27"
"Calhoun, Kole","Rangers",2022,"LF","913","297","-27"
"Calhoun, Kole","Rangers",2022,"RF","2368","294","28"
"García, Adolis","Rangers",2022,"CF","1794","320","1"
"García, Adolis","Rangers",2022,"RF","3254","292","27"
"Seager, Corey","Rangers",2022,"SS","5394","147","-16"
"Duggar, Steven","Rangers",2022,"LF","125","288","-26"
"Duggar, Steven","Rangers",2022,"CF","61","314","0"
"Taveras, Leody","Rangers",2022,"CF","3297","314","1"
"Calhoun, Willie","Rangers",2022,"LF","113","284","-28"
"White, Eli","Rangers",2022,"CF","662","315","1"
"White, Eli","Rangers",2022,"LF","575","294","-27"
"Huff, Sam","Rangers",2022,"1B","122","107","33"
"Thompson, Bubba","Rangers",2022,"LF","1227","294","-28"
"Thompson, Bubba","Rangers",2022,"RF","364","294","28"
"Thompson, Bubba","Rangers",2022,"CF","330","320","0"
"Jung, Josh","Rangers",2022,"3B","929","116","-31"
"Lowe, Nathaniel","Rangers",2022,"1B","5696","112","34"
"Culberson, Charlie","Rangers",2022,"2B","282","148","13"
"Culberson, Charlie","Rangers",2022,"3B","687","118","-29"
"Culberson, Charlie","Rangers",2022,"LF","295","303","-27"
"Mathias, Mark","Rangers",2022,"1B","96","111","34"
"Mathias, Mark","Rangers",2022,"RF","31","286","26"
"Mathias, Mark","Rangers",2022,"3B","49","114","-30"
"Mathias, Mark","Rangers",2022,"LF","65","295","-27"
"Ibáñez, Andy","Rangers",2022,"3B","832","115","-29"
"Ibáñez, Andy","Rangers",2022,"1B","202","106","34"
"Ibáñez, Andy","Rangers",2022,"2B","50","147","7"
"Hernandez, Elier","Rangers",2022,"1B","30","108","35"
"Hernandez, Elier","Rangers",2022,"RF","32","295","27"
"Hernandez, Elier","Rangers",2022,"LF","190","301","-27"
"Moreno, Gabriel","Blue Jays",2022,"3B","16","124","-23"
"Moreno, Gabriel","Blue Jays",2022,"LF","15","288","-29"
"Merrifield, Whit","Blue Jays",2022,"LF","122","290","-27"
"Merrifield, Whit","Blue Jays",2022,"2B","664","156","15"
"Merrifield, Whit","Blue Jays",2022,"CF","305","321","-2"
"Merrifield, Whit","Blue Jays",2022,"1B","36","117","34"
"Merrifield, Whit","Blue Jays",2022,"RF","143","291","25"
"Biggio, Cavan","Blue Jays",2022,"LF","71","304","-26"
"Biggio, Cavan","Blue Jays",2022,"2B","1385","155","14"
"Biggio, Cavan","Blue Jays",2022,"1B","1128","111","36"
"Biggio, Cavan","Blue Jays",2022,"RF","182","292","26"
"Biggio, Cavan","Blue Jays",2022,"3B","35","119","-22"
"Springer, George","Blue Jays",2022,"RF","243","290","25"
"Springer, George","Blue Jays",2022,"CF","2833","315","0"
"Bichette, Bo","Blue Jays",2022,"SS","5747","144","-9"
"Gurriel Jr., Lourdes","Blue Jays",2022,"LF","3781","291","-27"
"Gurriel Jr., Lourdes","Blue Jays",2022,"1B","102","107","36"
"Espinal, Santiago","Blue Jays",2022,"2B","3914","153","14"
"Espinal, Santiago","Blue Jays",2022,"SS","221","143","-6"
"Espinal, Santiago","Blue Jays",2022,"3B","351","118","-23"
"Zimmer, Bradley","Blue Jays",2022,"CF","1260","317","0"
"Zimmer, Bradley","Blue Jays",2022,"RF","66","294","24"
"Lopez, Otto","Blue Jays",2022,"SS","69","149","-15"
"Lopez, Otto","Blue Jays",2022,"2B","15","154","11"
"Guerrero Jr., Vladimir","Blue Jays",2022,"1B","4674","110","35"
"Chapman, Matt","Blue Jays",2022,"3B","5628","120","-28"
"Tapia, Raimel","Blue Jays",2022,"RF","968","295","28"
"Tapia, Raimel","Blue Jays",2022,"LF","1885","295","-28"
"Tapia, Raimel","Blue Jays",2022,"CF","1058","316","0"
"Collins, Zack","Blue Jays",2022,"1B","15","115","34"
"Katoh, Gosuke","Blue Jays",2022,"2B","51","157","12"
"Katoh, Gosuke","Blue Jays",2022,"1B","82","111","34"
"Capra, Vinny","Blue Jays",2022,"RF","17","289","30"
"Capra, Vinny","Blue Jays",2022,"LF","22","294","-28"
"Hernández, Teoscar","Blue Jays",2022,"LF","141","300","-27"
"Hernández, Teoscar","Blue Jays",2022,"RF","4054","297","25"
"Bradley Jr., Jackie","Blue Jays",2022,"CF","578","321","0"
"Bradley Jr., Jackie","Blue Jays",2022,"RF","364","289","26"
"Sanó, Miguel","Twins",2022,"1B","611","109","35"
"Contreras, Mark","Twins",2022,"CF","369","324","0"
"Contreras, Mark","Twins",2022,"RF","226","292","30"
"Contreras, Mark","Twins",2022,"LF","45","292","-27"
"Hamilton, Caleb","Twins",2022,"1B","69","110","35"
"Kirilloff, Alex","Twins",2022,"LF","650","299","-27"
"Kirilloff, Alex","Twins",2022,"RF","161","294","30"
"Kirilloff, Alex","Twins",2022,"1B","537","109","35"
"Wallner, Matt","Twins",2022,"RF","583","293","29"
"Larnach, Trevor","Twins",2022,"RF","357","289","29"
"Larnach, Trevor","Twins",2022,"LF","1049","297","-27"
"Hamilton, Billy","Twins",2022,"LF","81","292","-28"
"Hamilton, Billy","Twins",2022,"2B","12","156","12"
"Arraez, Luis","Twins",2022,"3B","176","118","-28"
"Arraez, Luis","Twins",2022,"2B","1150","154","12"
"Arraez, Luis","Twins",2022,"1B","2239","111","35"
"Palacios, Jermaine","Twins",2022,"2B","273","151","14"
"Palacios, Jermaine","Twins",2022,"1B","17","112","35"
"Palacios, Jermaine","Twins",2022,"SS","493","145","-10"
"Urshela, Gio","Twins",2022,"SS","11","144","-16"
"Urshela, Gio","Twins",2022,"3B","4777","119","-30"
"Gordon, Nick","Twins",2022,"LF","1742","298","-28"
"Gordon, Nick","Twins",2022,"CF","1003","329","0"
"Gordon, Nick","Twins",2022,"SS","324","148","-11"
"Gordon, Nick","Twins",2022,"2B","1087","153","13"
"Gordon, Nick","Twins",2022,"3B","12","133","-28"
"Miranda, Jose","Twins",2022,"1B","2494","112","33"
"Miranda, Jose","Twins",2022,"3B","1052","121","-31"
"Buxton, Byron","Twins",2022,"CF","1829","328","1"
"Celestino, Gilberto","Twins",2022,"RF","180","298","30"
"Celestino, Gilberto","Twins",2022,"LF","511","301","-27"
"Celestino, Gilberto","Twins",2022,"CF","2699","325","0"
"Kepler, Max","Twins",2022,"CF","46","331","0"
"Kepler, Max","Twins",2022,"RF","3731","292","30"
"Garlick, Kyle","Twins",2022,"RF","493","293","30"
"Garlick, Kyle","Twins",2022,"LF","580","300","-27"
"Cave, Jake","Twins",2022,"RF","289","293","29"
"Cave, Jake","Twins",2022,"CF","64","322","1"
"Cave, Jake","Twins",2022,"LF","1305","295","-27"
"Beckham, Tim","Twins",2022,"1B","45","112","31"
"Beckham, Tim","Twins",2022,"LF","57","291","-27"
"Polanco, Jorge","Twins",2022,"2B","3498","154","12"
"Polanco, Jorge","Twins",2022,"SS","138","146","-8"
"Lewis, Royce","Twins",2022,"CF","10","328","0"
"Lewis, Royce","Twins",2022,"SS","417","145","-12"
"Correa, Carlos","Twins",2022,"SS","4637","146","-9"
"Sosa, Edmundo","Phillies",2022,"SS","254","144","-15"
"Sosa, Edmundo","Phillies",2022,"3B","291","119","-34"
"Sosa, Edmundo","Phillies",2022,"LF","19","287","-27"
"Herrera, Odúbel","Phillies",2022,"CF","1552","324","0"
"Herrera, Odúbel","Phillies",2022,"LF","135","300","-27"
"Herrera, Odúbel","Phillies",2022,"RF","131","295","27"
"Realmuto, J.T.","Phillies",2022,"1B","28","114","35"
"Vierling, Matt","Phillies",2022,"2B","70","151","15"
"Vierling, Matt","Phillies",2022,"CF","1803","329","0"
"Vierling, Matt","Phillies",2022,"LF","636","296","-28"
"Vierling, Matt","Phillies",2022,"RF","753","290","27"
"Vierling, Matt","Phillies",2022,"3B","169","120","-34"
"Schwarber, Kyle","Phillies",2022,"LF","4878","298","-27"
"Hall, Darick","Phillies",2022,"1B","172","110","35"
"Moniak, Mickey","Phillies",2022,"CF","508","328","0"
"Moniak, Mickey","Phillies",2022,"RF","11","295","27"
"Segura, Jean","Phillies",2022,"2B","3489","148","11"
"Muzziotti, Símon","Phillies",2022,"CF","140","329","-1"
"Maton, Nick","Phillies",2022,"2B","265","148","12"
"Maton, Nick","Phillies",2022,"LF","191","303","-27"
"Maton, Nick","Phillies",2022,"3B","49","111","-28"
"Maton, Nick","Phillies",2022,"SS","61","146","-13"
"Maton, Nick","Phillies",2022,"RF","265","291","28"
"Camargo, Johan","Phillies",2022,"1B","104","110","37"
"Camargo, Johan","Phillies",2022,"2B","231","148","9"
"Camargo, Johan","Phillies",2022,"3B","384","115","-33"
"Camargo, Johan","Phillies",2022,"SS","789","141","-15"
"Castellanos, Nick","Phillies",2022,"RF","4188","291","26"
"Castellanos, Nick","Phillies",2022,"LF","110","295","-28"
"Marsh, Brandon","Phillies",2022,"CF","1334","324","0"
"Muñoz, Yairo","Phillies",2022,"RF","48","287","28"
"Muñoz, Yairo","Phillies",2022,"3B","198","117","-30"
"Muñoz, Yairo","Phillies",2022,"2B","382","151","13"
"Zimmer, Bradley","Phillies",2022,"CF","210","325","-1"
"Harper, Bryce","Phillies",2022,"RF","283","291","26"
"Guthrie, Dalton","Phillies",2022,"3B","29","119","-33"
"Guthrie, Dalton","Phillies",2022,"RF","277","293","27"
"Gregorius, Didi","Phillies",2022,"SS","2087","143","-12"
"Stott, Bryson","Phillies",2022,"SS","2790","143","-12"
"Stott, Bryson","Phillies",2022,"3B","64","114","-31"
"Stott, Bryson","Phillies",2022,"2B","1540","148","12"
"Hoskins, Rhys","Phillies",2022,"1B","5442","109","34"
"Bohm, Alec","Phillies",2022,"3B","4800","114","-29"
"Bohm, Alec","Phillies",2022,"1B","231","110","37"
"Quinn, Roman","Phillies",2022,"CF","429","325","1"
"Quinn, Roman","Phillies",2022,"RF","28","300","26"
"Grossman, Robbie","Braves",2022,"RF","759","297","28"
"Grossman, Robbie","Braves",2022,"LF","695","301","-26"
"Riley, Austin","Braves",2022,"1B","29","110","36"
"Riley, Austin","Braves",2022,"3B","5831","114","-27"
"Adrianza, Ehire","Braves",2022,"SS","11","146","-11"
"Adrianza, Ehire","Braves",2022,"3B","41","121","-23"
"Adrianza, Ehire","Braves",2022,"2B","114","148","11"
"Rosario, Eddie","Braves",2022,"RF","507","293","27"
"Rosario, Eddie","Braves",2022,"LF","1687","300","-27"
"Ozuna, Marcell","Braves",2022,"LF","1782","298","-27"
"Canó, Robinson","Braves",2022,"2B","245","148","12"
"Heredia, Guillermo","Braves",2022,"CF","184","320","1"
"Heredia, Guillermo","Braves",2022,"RF","427","298","28"
"Heredia, Guillermo","Braves",2022,"LF","441","298","-27"
"Duvall, Adam","Braves",2022,"CF","1637","328","1"
"Duvall, Adam","Braves",2022,"RF","369","301","28"
"Duvall, Adam","Braves",2022,"LF","966","298","-26"
"Contreras, William","Braves",2022,"LF","44","292","-27"
"Gosselin, Phil","Braves",2022,"2B","251","150","11"
"Albies, Ozzie","Braves",2022,"2B","2327","149","10"
"Arcia, Orlando","Braves",2022,"3B","137","114","-22"
"Arcia, Orlando","Braves",2022,"LF","194","301","-26"
"Arcia, Orlando","Braves",2022,"2B","1651","151","12"
"Arcia, Orlando","Braves",2022,"SS","13","149","-10"
"Acuña Jr., Ronald","Braves",2022,"RF","3236","298","28"
"Swanson, Dansby","Braves",2022,"SS","5937","147","-12"
"Demeritte, Travis","Braves",2022,"RF","702","297","27"
"Demeritte, Travis","Braves",2022,"LF","200","296","-24"
"Grissom, Vaughn","Braves",2022,"2B","1414","153","11"
"Grissom, Vaughn","Braves",2022,"SS","48","145","-8"
"Harris II, Michael","Braves",2022,"CF","4185","320","0"
"Olson, Matt","Braves",2022,"1B","5980","112","36"
"Engel, Adam","White Sox",2022,"CF","1472","318","-1"
"Engel, Adam","White Sox",2022,"LF","28","294","-28"
"Engel, Adam","White Sox",2022,"RF","1242","297","27"
"Andrus, Elvis","White Sox",2022,"SS","1545","146","-7"
"Anderson, Tim","White Sox",2022,"SS","2934","145","-9"
"Zavala, Seby","White Sox",2022,"1B","15","110","34"
"Gonzalez, Romy","White Sox",2022,"RF","26","290","29"
"Gonzalez, Romy","White Sox",2022,"2B","891","149","16"
"Gonzalez, Romy","White Sox",2022,"SS","132","147","-9"
"Harrison, Josh","White Sox",2022,"3B","771","114","-30"
"Harrison, Josh","White Sox",2022,"2B","3118","149","14"
"Harrison, Josh","White Sox",2022,"SS","13","150","-16"
"Harrison, Josh","White Sox",2022,"LF","30","295","-29"
"Sosa, Lenyn","White Sox",2022,"2B","174","150","13"
"Sosa, Lenyn","White Sox",2022,"SS","173","147","-7"
"Mendick, Danny","White Sox",2022,"SS","773","145","-10"
"Mendick, Danny","White Sox",2022,"3B","97","113","-32"
"Mendick, Danny","White Sox",2022,"2B","165","146","9"
"Robert Jr., Luis","White Sox",2022,"CF","3274","324","0"
"Grandal, Yasmani","White Sox",2022,"1B","127","109","36"
"Sheets, Gavin","White Sox",2022,"1B","351","109","35"
"Sheets, Gavin","White Sox",2022,"LF","48","305","-31"
"Sheets, Gavin","White Sox",2022,"RF","2724","297","28"
"Haseley, Adam","White Sox",2022,"CF","84","328","0"
"Haseley, Adam","White Sox",2022,"RF","93","290","27"
"Haseley, Adam","White Sox",2022,"LF","64","293","-28"
"Pollock, AJ","White Sox",2022,"RF","381","301","27"
"Pollock, AJ","White Sox",2022,"CF","1187","324","-1"
"Pollock, AJ","White Sox",2022,"LF","3185","298","-28"
"Abreu, José","White Sox",2022,"1B","4835","109","36"
"Jiménez, Eloy","White Sox",2022,"LF","954","300","-29"
"Moncada, Yoán","White Sox",2022,"3B","3615","113","-30"
"Burger, Jake","White Sox",2022,"2B","22","148","13"
"Burger, Jake","White Sox",2022,"3B","1400","112","-29"
"García, Leury","White Sox",2022,"2B","1744","148","15"
"García, Leury","White Sox",2022,"SS","555","147","-10"
"García, Leury","White Sox",2022,"LF","177","293","-29"
"García, Leury","White Sox",2022,"3B","242","118","-29"
"García, Leury","White Sox",2022,"RF","260","294","26"
"García, Leury","White Sox",2022,"CF","84","310","0"
"Vaughn, Andrew","White Sox",2022,"2B","11","149","11"
"Vaughn, Andrew","White Sox",2022,"RF","1371","297","27"
"Vaughn, Andrew","White Sox",2022,"1B","797","111","37"
"Vaughn, Andrew","White Sox",2022,"LF","1426","294","-28"
"Payton, Mark","White Sox",2022,"LF","200","300","-29"
"Payton, Mark","White Sox",2022,"CF","24","324","0"
"Payton, Mark","White Sox",2022,"RF","28","298","29"
"Dunand, Joe","Marlins",2022,"2B","63","151","9"
"Dunand, Joe","Marlins",2022,"3B","34","117","-25"
"Chisholm Jr., Jazz","Marlins",2022,"2B","2000","148","11"
"Rojas, Miguel","Marlins",2022,"SS","4716","148","-9"
"Rojas, Miguel","Marlins",2022,"1B","109","105","35"
"Bleday, JJ","Marlins",2022,"RF","143","295","24"
"Bleday, JJ","Marlins",2022,"LF","580","291","-27"
"Bleday, JJ","Marlins",2022,"CF","1428","318","-1"
"De La Cruz, Bryan","Marlins",2022,"CF","1261","316","-1"
"De La Cruz, Bryan","Marlins",2022,"LF","871","296","-27"
"De La Cruz, Bryan","Marlins",2022,"RF","1145","294","26"
"Groshans, Jordan","Marlins",2022,"3B","644","114","-28"
"Sánchez, Jesús","Marlins",2022,"CF","2713","316","0"
"Sánchez, Jesús","Marlins",2022,"LF","369","292","-27"
"Williams, Luke","Marlins",2022,"LF","628","293","-26"
"Williams, Luke","Marlins",2022,"3B","408","113","-26"
"Williams, Luke","Marlins",2022,"2B","377","148","13"
"Díaz, Lewin","Marlins",2022,"1B","1711","110","34"
"Hamilton, Billy","Marlins",2022,"LF","66","295","-27"
"Hamilton, Billy","Marlins",2022,"CF","104","310","-1"
"Encarnacion, Jerar","Marlins",2022,"LF","372","298","-27"
"Encarnacion, Jerar","Marlins",2022,"RF","356","293","26"
"Burdick, Peyton","Marlins",2022,"CF","482","319","-1"
"Burdick, Peyton","Marlins",2022,"RF","132","292","26"
"Burdick, Peyton","Marlins",2022,"LF","462","299","-26"
"González, Erik","Marlins",2022,"SS","144","147","-10"
"González, Erik","Marlins",2022,"2B","69","151","14"
"González, Erik","Marlins",2022,"3B","206","118","-30"
"Aguilar, Jesús","Marlins",2022,"1B","2032","106","35"
"Aguilar, Jesús","Marlins",2022,"3B","21","112","-20"
"Astudillo, Willians","Marlins",2022,"2B","221","147","9"
"Astudillo, Willians","Marlins",2022,"3B","228","112","-26"
"Astudillo, Willians","Marlins",2022,"1B","19","104","36"
"Anderson, Brian","Marlins",2022,"RF","1326","293","25"
"Anderson, Brian","Marlins",2022,"3B","1506","117","-24"
"Anderson, Brian","Marlins",2022,"LF","221","292","-28"
"Cooper, Garrett","Marlins",2022,"1B","1981","106","35"
"Soler, Jorge","Marlins",2022,"LF","1986","293","-27"
"García, Avisaíl","Marlins",2022,"RF","2927","294","26"
"Berti, Jon","Marlins",2022,"LF","477","295","-27"
"Berti, Jon","Marlins",2022,"CF","44","314","-1"
"Berti, Jon","Marlins",2022,"3B","1244","114","-24"
"Berti, Jon","Marlins",2022,"SS","225","148","-9"
"Berti, Jon","Marlins",2022,"2B","1433","149","10"
"Leblanc, Charles","Marlins",2022,"3B","452","115","-25"
"Leblanc, Charles","Marlins",2022,"2B","913","151","12"
"Leblanc, Charles","Marlins",2022,"1B","170","109","35"
"Wendle, Joey","Marlins",2022,"2B","941","154","12"
"Wendle, Joey","Marlins",2022,"3B","1287","120","-28"
"Wendle, Joey","Marlins",2022,"SS","947","149","-12"
"Andujar, Miguel","Yankees",2022,"LF","605","299","-27"
"Gonzalez, Marwin","Yankees",2022,"1B","406","109","35"
"Gonzalez, Marwin","Yankees",2022,"SS","587","150","-12"
"Gonzalez, Marwin","Yankees",2022,"2B","16","143","12"
"Gonzalez, Marwin","Yankees",2022,"RF","386","296","27"
"Gonzalez, Marwin","Yankees",2022,"3B","287","117","-32"
"Gonzalez, Marwin","Yankees",2022,"LF","372","298","-27"
"Locastro, Tim","Yankees",2022,"CF","145","324","1"
"Locastro, Tim","Yankees",2022,"LF","151","304","-26"
"Locastro, Tim","Yankees",2022,"RF","141","294","27"
"LeMahieu, DJ","Yankees",2022,"1B","1084","108","36"
"LeMahieu, DJ","Yankees",2022,"3B","1564","118","-30"
"LeMahieu, DJ","Yankees",2022,"2B","1296","150","11"
"Rizzo, Anthony","Yankees",2022,"1B","4189","113","34"
"Judge, Aaron","Yankees",2022,"RF","2029","291","26"
"Judge, Aaron","Yankees",2022,"CF","2566","324","0"
"Kiner-Falefa, Isiah","Yankees",2022,"3B","174","116","-30"
"Kiner-Falefa, Isiah","Yankees",2022,"SS","4772","148","-11"
"Hicks, Aaron","Yankees",2022,"LF","1696","293","-26"
"Hicks, Aaron","Yankees",2022,"CF","2358","321","1"
"Gallo, Joey","Yankees",2022,"CF","26","318","-1"
"Gallo, Joey","Yankees",2022,"LF","1412","295","-26"
"Gallo, Joey","Yankees",2022,"RF","1015","287","27"
"Guzmán, Ronald","Yankees",2022,"1B","62","110","34"
"Carpenter, Matt","Yankees",2022,"3B","65","122","-29"
"Carpenter, Matt","Yankees",2022,"LF","90","294","-26"
"Carpenter, Matt","Yankees",2022,"1B","108","113","36"
"Carpenter, Matt","Yankees",2022,"RF","353","298","27"
"Benintendi, Andrew","Yankees",2022,"LF","1128","288","-26"
"Stanton, Giancarlo","Yankees",2022,"RF","1125","294","27"
"Stanton, Giancarlo","Yankees",2022,"LF","138","287","-25"
"Torres, Gleyber","Yankees",2022,"SS","74","147","-16"
"Torres, Gleyber","Yankees",2022,"2B","4400","154","12"
"Peraza, Oswald","Yankees",2022,"SS","356","149","-13"
"Peraza, Oswald","Yankees",2022,"2B","127","155","12"
"Donaldson, Josh","Yankees",2022,"3B","3701","122","-30"
"Cabrera, Oswaldo","Yankees",2022,"SS","120","148","-15"
"Cabrera, Oswaldo","Yankees",2022,"RF","860","292","26"
"Cabrera, Oswaldo","Yankees",2022,"1B","58","106","36"
"Cabrera, Oswaldo","Yankees",2022,"2B","70","154","13"
"Cabrera, Oswaldo","Yankees",2022,"LF","298","295","-27"
"Cabrera, Oswaldo","Yankees",2022,"3B","118","122","-31"
"Bader, Harrison","Yankees",2022,"CF","451","322","-2"
"Florial, Estevan","Yankees",2022,"LF","19","299","-26"
"Florial, Estevan","Yankees",2022,"CF","363","326","-1"
"Cain, Lorenzo","Brewers",2022,"CF","1482","320","1"
"Renfroe, Hunter","Brewers",2022,"RF","4319","295","28"
"Ruiz, Esteury","Brewers",2022,"LF","76","298","-27"
"Mitchell, Garrett","Brewers",2022,"CF","726","318","1"
"Peterson, Jace","Brewers",2022,"LF","85","295","-28"
"Peterson, Jace","Brewers",2022,"2B","28","155","12"
"Peterson, Jace","Brewers",2022,"3B","2565","116","-28"
"Peterson, Jace","Brewers",2022,"1B","116","107","33"
"Peterson, Jace","Brewers",2022,"RF","338","299","28"
"Tellez, Rowdy","Brewers",2022,"1B","4779","110","34"
"Taylor, Tyrone","Brewers",2022,"LF","397","299","-28"
"Taylor, Tyrone","Brewers",2022,"RF","723","295","28"
"Taylor, Tyrone","Brewers",2022,"CF","2797","319","1"
"Severino, Pedro","Brewers",2022,"1B","11","104","34"
"Adames, Willy","Brewers",2022,"SS","5005","145","-15"
"Hiura, Keston","Brewers",2022,"2B","335","151","9"
"Hiura, Keston","Brewers",2022,"LF","158","302","-27"
"Hiura, Keston","Brewers",2022,"1B","1027","108","35"
"Wong, Kolten","Brewers",2022,"2B","4299","149","12"
"Mathias, Mark","Brewers",2022,"2B","164","151","13"
"Davis, Jonathan","Brewers",2022,"CF","975","318","1"
"Reyes, Pablo","Brewers",2022,"3B","50","112","-23"
"Reyes, Pablo","Brewers",2022,"SS","104","144","-17"
"McCutchen, Andrew","Brewers",2022,"CF","50","323","1"
"McCutchen, Andrew","Brewers",2022,"RF","653","297","28"
"McCutchen, Andrew","Brewers",2022,"LF","1107","298","-27"
"Urías, Luis","Brewers",2022,"SS","835","146","-16"
"Urías, Luis","Brewers",2022,"2B","1207","154","12"
"Urías, Luis","Brewers",2022,"3B","2088","118","-28"
"Caratini, Victor","Brewers",2022,"1B","35","105","32"
"Yelich, Christian","Brewers",2022,"LF","4210","294","-27"
"Brosseau, Mike","Brewers",2022,"3B","1330","117","-29"
"Brosseau, Mike","Brewers",2022,"1B","60","115","34"
"Brosseau, Mike","Brewers",2022,"SS","83","144","-15"